timestamp,families,n_columns,model,params,cv_mean,cv_std,score
2026-09-25T11:41:18+00:00,base,7,lightgbm,"{""colsample_bytree"": 0.7, ""learning_rate"": 0.03, ""min_child_samples"": 60, ""n_estimators"": 700, ""num_leaves"": 16, ""reg_alpha"": 1.0, ""reg_lambda"": 5.0, ""subsample"": 0.8, ""subsample_freq"": 1}",0.568254,0.001559,0.566695
2026-09-25T11:41:37+00:00,amount_shape,11,lightgbm,"{""colsample_bytree"": 0.7, ""learning_rate"": 0.03, ""min_child_samples"": 60, ""n_estimators"": 700, ""num_leaves"": 16, ""reg_alpha"": 1.0, ""reg_lambda"": 5.0, ""subsample"": 0.8, ""subsample_freq"": 1}",0.545253,0.003336,0.541917
2026-09-25T11:41:57+00:00,direction_type,24,lightgbm,"{""colsample_bytree"": 0.7, ""learning_rate"": 0.03, ""min_child_samples"": 60, ""n_estimators"": 700, ""num_leaves"": 16, ""reg_alpha"": 1.0, ""reg_lambda"": 5.0, ""subsample"": 0.8, ""subsample_freq"": 1}",0.601981,0.000815,0.601166
2026-09-25T11:42:16+00:00,cross,16,lightgbm,"{""colsample_bytree"": 0.7, ""learning_rate"": 0.03, ""min_child_samples"": 60, ""n_estimators"": 700, ""num_leaves"": 16, ""reg_alpha"": 1.0, ""reg_lambda"": 5.0, ""subsample"": 0.8, ""subsample_freq"": 1}",0.510618,0.001766,0.508852
2026-09-25T11:42:32+00:00,flow,4,lightgbm,"{""colsample_bytree"": 0.7, ""learning_rate"": 0.03, ""min_child_samples"": 60, ""n_estimators"": 700, ""num_leaves"": 16, ""reg_alpha"": 1.0, ""reg_lambda"": 5.0, ""subsample"": 0.8, ""subsample_freq"": 1}",0.521836,0.00115,0.520686
2026-09-25T11:42:57+00:00,windows,46,lightgbm,"{""colsample_bytree"": 0.7, ""learning_rate"": 0.03, ""min_child_samples"": 60, ""n_estimators"": 700, ""num_leaves"": 16, ""reg_alpha"": 1.0, ""reg_lambda"": 5.0, ""subsample"": 0.8, ""subsample_freq"": 1}",0.537235,0.002601,0.534633
2026-09-25T11:43:14+00:00,burst,7,lightgbm,"{""colsample_bytree"": 0.7, ""learning_rate"": 0.03, ""min_child_samples"": 60, ""n_estimators"": 700, ""num_leaves"": 16, ""reg_alpha"": 1.0, ""reg_lambda"": 5.0, ""subsample"": 0.8, ""subsample_freq"": 1}",0.500938,0.00223,0.498708
2026-09-25T11:43:32+00:00,hour,7,lightgbm,"{""colsample_bytree"": 0.7, ""learning_rate"": 0.03, ""min_child_samples"": 60, ""n_estimators"": 700, ""num_leaves"": 16, ""reg_alpha"": 1.0, ""reg_lambda"": 5.0, ""subsample"": 0.8, ""subsample_freq"": 1}",0.50291,0.003934,0.498976
2026-09-25T11:43:49+00:00,signal_date,6,lightgbm,"{""colsample_bytree"": 0.7, ""learning_rate"": 0.03, ""min_child_samples"": 60, ""n_estimators"": 700, ""num_leaves"": 16, ""reg_alpha"": 1.0, ""reg_lambda"": 5.0, ""subsample"": 0.8, ""subsample_freq"": 1}",0.497418,0.001462,0.495956
2026-09-25T11:44:12+00:00,direction_type|base,31,lightgbm,"{""colsample_bytree"": 0.7, ""learning_rate"": 0.03, ""min_child_samples"": 60, ""n_estimators"": 700, ""num_leaves"": 16, ""reg_alpha"": 1.0, ""reg_lambda"": 5.0, ""subsample"": 0.8, ""subsample_freq"": 1}",0.616058,0.000893,0.615165
2026-09-25T11:44:35+00:00,direction_type|amount_shape,35,lightgbm,"{""colsample_bytree"": 0.7, ""learning_rate"": 0.03, ""min_child_samples"": 60, ""n_estimators"": 700, ""num_leaves"": 16, ""reg_alpha"": 1.0, ""reg_lambda"": 5.0, ""subsample"": 0.8, ""subsample_freq"": 1}",0.598168,0.001489,0.596679
2026-09-25T11:45:03+00:00,direction_type|cross,40,lightgbm,"{""colsample_bytree"": 0.7, ""learning_rate"": 0.03, ""min_child_samples"": 60, ""n_estimators"": 700, ""num_leaves"": 16, ""reg_alpha"": 1.0, ""reg_lambda"": 5.0, ""subsample"": 0.8, ""subsample_freq"": 1}",0.595645,0.001685,0.593959
2026-09-25T11:45:24+00:00,direction_type|flow,28,lightgbm,"{""colsample_bytree"": 0.7, ""learning_rate"": 0.03, ""min_child_samples"": 60, ""n_estimators"": 700, ""num_leaves"": 16, ""reg_alpha"": 1.0, ""reg_lambda"": 5.0, ""subsample"": 0.8, ""subsample_freq"": 1}",0.597596,0.001252,0.596344
2026-09-25T11:45:53+00:00,direction_type|windows,70,lightgbm,"{""colsample_bytree"": 0.7, ""learning_rate"": 0.03, ""min_child_samples"": 60, ""n_estimators"": 700, ""num_leaves"": 16, ""reg_alpha"": 1.0, ""reg_lambda"": 5.0, ""subsample"": 0.8, ""subsample_freq"": 1}",0.59048,0.002089,0.58839
2026-09-25T11:46:15+00:00,direction_type|burst,31,lightgbm,"{""colsample_bytree"": 0.7, ""learning_rate"": 0.03, ""min_child_samples"": 60, ""n_estimators"": 700, ""num_leaves"": 16, ""reg_alpha"": 1.0, ""reg_lambda"": 5.0, ""subsample"": 0.8, ""subsample_freq"": 1}",0.594404,0.001172,0.593232
2026-09-25T11:46:37+00:00,direction_type|hour,31,lightgbm,"{""colsample_bytree"": 0.7, ""learning_rate"": 0.03, ""min_child_samples"": 60, ""n_estimators"": 700, ""num_leaves"": 16, ""reg_alpha"": 1.0, ""reg_lambda"": 5.0, ""subsample"": 0.8, ""subsample_freq"": 1}",0.596193,0.001888,0.594305
2026-09-25T11:46:58+00:00,direction_type|signal_date,30,lightgbm,"{""colsample_bytree"": 0.7, ""learning_rate"": 0.03, ""min_child_samples"": 60, ""n_estimators"": 700, ""num_leaves"": 16, ""reg_alpha"": 1.0, ""reg_lambda"": 5.0, ""subsample"": 0.8, ""subsample_freq"": 1}",0.595206,0.00128,0.593926
2026-09-25T11:47:21+00:00,direction_type|base|amount_shape,42,lightgbm,"{""colsample_bytree"": 0.7, ""learning_rate"": 0.03, ""min_child_samples"": 60, ""n_estimators"": 700, ""num_leaves"": 16, ""reg_alpha"": 1.0, ""reg_lambda"": 5.0, ""subsample"": 0.8, ""subsample_freq"": 1}",0.613294,0.000741,0.612553
2026-09-25T11:47:48+00:00,direction_type|base|cross,47,lightgbm,"{""colsample_bytree"": 0.7, ""learning_rate"": 0.03, ""min_child_samples"": 60, ""n_estimators"": 700, ""num_leaves"": 16, ""reg_alpha"": 1.0, ""reg_lambda"": 5.0, ""subsample"": 0.8, ""subsample_freq"": 1}",0.612264,0.000961,0.611303
2026-09-25T11:48:10+00:00,direction_type|base|flow,35,lightgbm,"{""colsample_bytree"": 0.7, ""learning_rate"": 0.03, ""min_child_samples"": 60, ""n_estimators"": 700, ""num_leaves"": 16, ""reg_alpha"": 1.0, ""reg_lambda"": 5.0, ""subsample"": 0.8, ""subsample_freq"": 1}",0.6137,0.001664,0.612036
2026-09-25T11:48:40+00:00,direction_type|base|windows,77,lightgbm,"{""colsample_bytree"": 0.7, ""learning_rate"": 0.03, ""min_child_samples"": 60, ""n_estimators"": 700, ""num_leaves"": 16, ""reg_alpha"": 1.0, ""reg_lambda"": 5.0, ""subsample"": 0.8, ""subsample_freq"": 1}",0.607842,0.002635,0.605208
2026-09-25T11:49:03+00:00,direction_type|base|burst,38,lightgbm,"{""colsample_bytree"": 0.7, ""learning_rate"": 0.03, ""min_child_samples"": 60, ""n_estimators"": 700, ""num_leaves"": 16, ""reg_alpha"": 1.0, ""reg_lambda"": 5.0, ""subsample"": 0.8, ""subsample_freq"": 1}",0.611246,0.001878,0.609368
2026-09-25T11:49:27+00:00,direction_type|base|hour,38,lightgbm,"{""colsample_bytree"": 0.7, ""learning_rate"": 0.03, ""min_child_samples"": 60, ""n_estimators"": 700, ""num_leaves"": 16, ""reg_alpha"": 1.0, ""reg_lambda"": 5.0, ""subsample"": 0.8, ""subsample_freq"": 1}",0.613058,0.001373,0.611685
2026-09-25T11:49:49+00:00,direction_type|base|signal_date,37,lightgbm,"{""colsample_bytree"": 0.7, ""learning_rate"": 0.03, ""min_child_samples"": 60, ""n_estimators"": 700, ""num_leaves"": 16, ""reg_alpha"": 1.0, ""reg_lambda"": 5.0, ""subsample"": 0.8, ""subsample_freq"": 1}",0.610863,0.001655,0.609207
2026-09-25T11:50:05+00:00,tuning,19,lightgbm,"{""colsample_bytree"": 0.49359671220172163, ""learning_rate"": 0.046187109390049115, ""min_child_samples"": 196, ""n_estimators"": 600, ""num_leaves"": 24, ""reg_alpha"": 9.842315738502599, ""reg_lambda"": 1.2551115172973832, ""subsample"": 0.6624074561769746, ""subsample_freq"": 1}",0.621785,0.002824,0.618961
2026-09-25T11:50:09+00:00,tuning,19,lightgbm,"{""colsample_bytree"": 0.5274034664069657, ""learning_rate"": 0.03125514318167612, ""min_child_samples"": 293, ""n_estimators"": 900, ""num_leaves"": 4, ""reg_alpha"": 0.26425260575499165, ""reg_lambda"": 2.03664420268309, ""subsample"": 0.9329770563201687, ""subsample_freq"": 1}",0.629006,0.000125,0.628882
2026-09-25T11:50:17+00:00,tuning,19,lightgbm,"{""colsample_bytree"": 0.4836963163912251, ""learning_rate"": 0.02326960468194963, ""min_child_samples"": 116, ""n_estimators"": 600, ""num_leaves"": 16, ""reg_alpha"": 0.6966418981413739, ""reg_lambda"": 3.1357757322577435, ""subsample"": 0.8447411578889518, ""subsample_freq"": 1}",0.625154,0.00043,0.624723
2026-09-25T11:50:23+00:00,tuning,19,lightgbm,"{""colsample_bytree"": 0.42787024763199866, ""learning_rate"": 0.03538461259525517, ""min_child_samples"": 174, ""n_estimators"": 700, ""num_leaves"": 9, ""reg_alpha"": 0.24682044079890128, ""reg_lambda"": 10.769622478263129, ""subsample"": 0.836965827544817, ""subsample_freq"": 1}",0.625077,0.001031,0.624046
2026-09-25T11:50:28+00:00,tuning,19,lightgbm,"{""colsample_bytree"": 0.45860326840383037, ""learning_rate"": 0.04605136717611768, ""min_child_samples"": 250, ""n_estimators"": 300, ""num_leaves"": 31, ""reg_alpha"": 1.0299214204601976, ""reg_lambda"": 14.537555576161921, ""subsample"": 0.7218455076693483, ""subsample_freq"": 1}",0.62334,0.001519,0.621822
2026-09-25T11:50:30+00:00,tuning,19,lightgbm,"{""colsample_bytree"": 0.7975133706123891, ""learning_rate"": 0.022187777750487168, ""min_child_samples"": 277, ""n_estimators"": 400, ""num_leaves"": 4, ""reg_alpha"": 1.5728674194978582, ""reg_lambda"": 3.3852267834519774, ""subsample"": 0.7035119926400067, ""subsample_freq"": 1}",0.630376,0.000919,0.629457
2026-09-25T11:50:44+00:00,tuning,19,lightgbm,"{""colsample_bytree"": 0.9368964102565893, ""learning_rate"": 0.013465042222746467, ""min_child_samples"": 242, ""n_estimators"": 800, ""num_leaves"": 31, ""reg_alpha"": 13.220877067405613, ""reg_lambda"": 10.370844668954536, ""subsample"": 0.9757995766256756, ""subsample_freq"": 1}",0.628148,0.001284,0.626864
2026-09-25T11:50:46+00:00,tuning,19,lightgbm,"{""colsample_bytree"": 0.5628094190643376, ""learning_rate"": 0.013708380237042895, ""min_child_samples"": 124, ""n_estimators"": 300, ""num_leaves"": 5, ""reg_alpha"": 0.6620642015198966, ""reg_lambda"": 25.58586885593424, ""subsample"": 0.7554709158757927, ""subsample_freq"": 1}",0.626963,0.001284,0.625679
2026-09-25T11:50:50+00:00,tuning,19,lightgbm,"{""colsample_bytree"": 0.9921321619603104, ""learning_rate"": 0.023951255499127366, ""min_child_samples"": 249, ""n_estimators"": 500, ""num_leaves"": 7, ""reg_alpha"": 0.28658321062461245, ""reg_lambda"": 20.51259942215136, ""subsample"": 0.6298202574719083, ""subsample_freq"": 1}",0.631488,0.000944,0.630543
2026-09-25T11:50:55+00:00,tuning,19,lightgbm,"{""colsample_bytree"": 0.44442679104045424, ""learning_rate"": 0.03715207529088701, ""min_child_samples"": 230, ""n_estimators"": 300, ""num_leaves"": 23, ""reg_alpha"": 0.18476435128841198, ""reg_lambda"": 4.064644058668375, ""subsample"": 0.9085081386743783, ""subsample_freq"": 1}",0.622407,0.000308,0.6221
2026-09-25T11:51:03+00:00,tuning,19,lightgbm,"{""colsample_bytree"": 0.7461765075126927, ""learning_rate"": 0.014626576685048204, ""min_child_samples"": 182, ""n_estimators"": 700, ""num_leaves"": 11, ""reg_alpha"": 0.24170859825032934, ""reg_lambda"": 34.67259076575435, ""subsample"": 0.6824209265412454, ""subsample_freq"": 1}",0.631558,0.000297,0.631261
2026-09-25T11:51:08+00:00,tuning,19,lightgbm,"{""colsample_bytree"": 0.9886780078210471, ""learning_rate"": 0.03715662404778952, ""min_child_samples"": 266, ""n_estimators"": 600, ""num_leaves"": 8, ""reg_alpha"": 0.18286501684339249, ""reg_lambda"": 12.464840090410895, ""subsample"": 0.64586104926892, ""subsample_freq"": 1}",0.625451,0.002344,0.623107
2026-09-25T11:51:13+00:00,tuning,19,lightgbm,"{""colsample_bytree"": 0.9660765134677595, ""learning_rate"": 0.013003520180988255, ""min_child_samples"": 213, ""n_estimators"": 500, ""num_leaves"": 8, ""reg_alpha"": 0.2726872826872185, ""reg_lambda"": 9.876939614941763, ""subsample"": 0.6504025410999158, ""subsample_freq"": 1}",0.632107,0.000145,0.631961
2026-09-25T11:51:17+00:00,tuning,19,lightgbm,"{""colsample_bytree"": 0.8534904001894116, ""learning_rate"": 0.015575935029836376, ""min_child_samples"": 163, ""n_estimators"": 500, ""num_leaves"": 7, ""reg_alpha"": 0.3260296466999661, ""reg_lambda"": 6.369786963846595, ""subsample"": 0.6098287241550474, ""subsample_freq"": 1}",0.631785,0.000524,0.631261
2026-09-25T11:51:22+00:00,tuning,19,lightgbm,"{""colsample_bytree"": 0.9380034030492288, ""learning_rate"": 0.015468687406668626, ""min_child_samples"": 133, ""n_estimators"": 400, ""num_leaves"": 13, ""reg_alpha"": 0.19219768548119007, ""reg_lambda"": 2.5333013188390066, ""subsample"": 0.6861158210668046, ""subsample_freq"": 1}",0.629963,0.000131,0.629832
2026-09-25T11:51:31+00:00,direction_type|base,19,lightgbm,"{""colsample_bytree"": 0.9660765134677595, ""learning_rate"": 0.013003520180988255, ""min_child_samples"": 213, ""n_estimators"": 500, ""num_leaves"": 8, ""reg_alpha"": 0.2726872826872185, ""reg_lambda"": 9.876939614941763, ""subsample"": 0.6504025410999158, ""subsample_freq"": 1}",0.632392,0.001079,0.631313
2026-09-25T11:51:37+00:00,tuning,19,xgboost,"{""colsample_bytree"": 0.49359671220172163, ""learning_rate"": 0.046187109390049115, ""max_depth"": 5, ""min_child_weight"": 10.401663679887308, ""n_estimators"": 600, ""reg_alpha"": 9.842315738502599, ""reg_lambda"": 1.2551115172973832, ""subsample"": 0.6624074561769746}",0.621391,0.002711,0.61868
2026-09-25T11:51:41+00:00,tuning,19,xgboost,"{""colsample_bytree"": 0.5274034664069657, ""learning_rate"": 0.03125514318167612, ""max_depth"": 2, ""min_child_weight"": 44.447541666908116, ""n_estimators"": 900, ""reg_alpha"": 0.26425260575499165, ""reg_lambda"": 2.03664420268309, ""subsample"": 0.9329770563201687}",0.630062,0.000628,0.629434
2026-09-25T11:51:45+00:00,tuning,19,xgboost,"{""colsample_bytree"": 0.4836963163912251, ""learning_rate"": 0.02326960468194963, ""max_depth"": 4, ""min_child_weight"": 3.124565071260871, ""n_estimators"": 600, ""reg_alpha"": 0.6966418981413739, ""reg_lambda"": 3.1357757322577435, ""subsample"": 0.8447411578889518}",0.625424,0.000577,0.624847
2026-09-25T11:51:48+00:00,tuning,19,xgboost,"{""colsample_bytree"": 0.42787024763199866, ""learning_rate"": 0.03538461259525517, ""max_depth"": 2, ""min_child_weight"": 7.475992999956503, ""n_estimators"": 700, ""reg_alpha"": 0.24682044079890128, ""reg_lambda"": 10.769622478263129, ""subsample"": 0.836965827544817}",0.630324,0.000836,0.629488
2026-09-25T11:51:51+00:00,tuning,19,xgboost,"{""colsample_bytree"": 0.45860326840383037, ""learning_rate"": 0.04605136717611768, ""max_depth"": 6, ""min_child_weight"": 23.628864184236406, ""n_estimators"": 300, ""reg_alpha"": 1.0299214204601976, ""reg_lambda"": 14.537555576161921, ""subsample"": 0.7218455076693483}",0.625574,7.7e-05,0.625497
2026-09-25T11:51:54+00:00,tuning,19,xgboost,"{""colsample_bytree"": 0.7975133706123891, ""learning_rate"": 0.022187777750487168, ""max_depth"": 2, ""min_child_weight"": 35.06776499297218, ""n_estimators"": 400, ""reg_alpha"": 1.5728674194978582, ""reg_lambda"": 3.3852267834519774, ""subsample"": 0.7035119926400067}",0.629892,0.00121,0.628682
2026-09-25T11:52:03+00:00,tuning,19,xgboost,"{""colsample_bytree"": 0.9368964102565893, ""learning_rate"": 0.013465042222746467, ""max_depth"": 6, ""min_child_weight"": 20.74566765675251, ""n_estimators"": 800, ""reg_alpha"": 13.220877067405613, ""reg_lambda"": 10.370844668954536, ""subsample"": 0.9757995766256756}",0.628006,0.001299,0.626707
2026-09-25T11:52:05+00:00,tuning,19,xgboost,"{""colsample_bytree"": 0.5628094190643376, ""learning_rate"": 0.013708380237042895, ""max_depth"": 2, ""min_child_weight"": 3.5704789209099794, ""n_estimators"": 300, ""reg_alpha"": 0.6620642015198966, ""reg_lambda"": 25.58586885593424, ""subsample"": 0.7554709158757927}",0.622991,0.001966,0.621026
2026-09-25T11:52:08+00:00,tuning,19,xgboost,"{""colsample_bytree"": 0.9921321619603104, ""learning_rate"": 0.023951255499127366, ""max_depth"": 2, ""min_child_weight"": 23.062618121677932, ""n_estimators"": 500, ""reg_alpha"": 0.28658321062461245, ""reg_lambda"": 20.51259942215136, ""subsample"": 0.6298202574719083}",0.63155,0.000907,0.630643
2026-09-25T11:52:10+00:00,tuning,19,xgboost,"{""colsample_bytree"": 0.44442679104045424, ""learning_rate"": 0.03715207529088701, ""max_depth"": 5, ""min_child_weight"": 17.320535358459537, ""n_estimators"": 300, ""reg_alpha"": 0.18476435128841198, ""reg_lambda"": 4.064644058668375, ""subsample"": 0.9085081386743783}",0.624677,0.000897,0.62378
2026-09-25T11:52:17+00:00,tuning,19,xgboost,"{""colsample_bytree"": 0.6972223231131158, ""learning_rate"": 0.02388570762216589, ""max_depth"": 4, ""min_child_weight"": 22.882979297916076, ""n_estimators"": 900, ""reg_alpha"": 2.776652158848276, ""reg_lambda"": 12.924508263379993, ""subsample"": 0.6673804336524856}",0.626416,0.00282,0.623596
2026-09-25T11:52:20+00:00,tuning,19,xgboost,"{""colsample_bytree"": 0.9568000861181545, ""learning_rate"": 0.02884798289774627, ""max_depth"": 2, ""min_child_weight"": 33.587789067677924, ""n_estimators"": 500, ""reg_alpha"": 0.36633285373156277, ""reg_lambda"": 10.012175095829077, ""subsample"": 0.6870839802323402}",0.631143,0.000851,0.630292
2026-09-25T11:52:23+00:00,tuning,19,xgboost,"{""colsample_bytree"": 0.9151507720494928, ""learning_rate"": 0.01899569089448413, ""max_depth"": 2, ""min_child_weight"": 43.561034300663145, ""n_estimators"": 600, ""reg_alpha"": 0.260894233561232, ""reg_lambda"": 12.24530376893352, ""subsample"": 0.7814066696509941}",0.630583,0.000297,0.630287
2026-09-25T11:52:26+00:00,tuning,19,xgboost,"{""colsample_bytree"": 0.8771318566438376, ""learning_rate"": 0.04004508858483134, ""max_depth"": 2, ""min_child_weight"": 28.423249288890307, ""n_estimators"": 500, ""reg_alpha"": 1.2960386096528442, ""reg_lambda"": 13.836378632937016, ""subsample"": 0.6104806277173684}",0.631915,0.000122,0.631792
2026-09-25T11:52:28+00:00,tuning,19,xgboost,"{""colsample_bytree"": 0.8760748545921425, ""learning_rate"": 0.027341938014433978, ""max_depth"": 2, ""min_child_weight"": 21.308016286981687, ""n_estimators"": 400, ""reg_alpha"": 3.72968926201831, ""reg_lambda"": 35.50763863904622, ""subsample"": 0.606744294329776}",0.630476,0.000641,0.629835
2026-09-25T11:52:33+00:00,direction_type|base,19,xgboost,"{""colsample_bytree"": 0.8771318566438376, ""learning_rate"": 0.04004508858483134, ""max_depth"": 2, ""min_child_weight"": 28.423249288890307, ""n_estimators"": 500, ""reg_alpha"": 1.2960386096528442, ""reg_lambda"": 13.836378632937016, ""subsample"": 0.6104806277173684}",0.632451,0.00091,0.631541
2026-09-25T11:52:45+00:00,tuning,19,catboost,"{""depth"": 5, ""iterations"": 600, ""l2_leaf_reg"": 10.401663679887308, ""learning_rate"": 0.046187109390049115, ""rsm"": 0.4936111842654619}",0.621925,0.00021,0.621715
2026-09-25T11:52:57+00:00,tuning,19,catboost,"{""depth"": 6, ""iterations"": 400, ""l2_leaf_reg"": 10.502105436744278, ""learning_rate"": 0.010979908036596667, ""rsm"": 0.8248435466776273}",0.623245,0.001173,0.622072
2026-09-25T11:53:05+00:00,tuning,19,catboost,"{""depth"": 6, ""iterations"": 300, ""l2_leaf_reg"": 2.2948683681130553, ""learning_rate"": 0.04763628595029448, ""rsm"": 0.5090949803242604}",0.623978,0.000826,0.623151
2026-09-25T11:53:13+00:00,tuning,19,catboost,"{""depth"": 4, ""iterations"": 400, ""l2_leaf_reg"": 5.4182823195332395, ""learning_rate"": 0.016317596956423423, ""rsm"": 0.5747374841188252}",0.622888,0.000916,0.621972
2026-09-25T11:53:26+00:00,tuning,19,catboost,"{""depth"": 3, ""iterations"": 900, ""l2_leaf_reg"": 4.192159350410974, ""learning_rate"": 0.012517051076140219, ""rsm"": 0.6736419905302216}",0.625785,0.001437,0.624347
2026-09-25T11:53:42+00:00,tuning,19,catboost,"{""depth"": 4, ""iterations"": 1000, ""l2_leaf_reg"": 10.150667045928573, ""learning_rate"": 0.013790054557672569, ""rsm"": 0.42787024763199866}",0.626983,0.001127,0.625855
2026-09-25T11:53:54+00:00,tuning,19,catboost,"{""depth"": 2, ""iterations"": 900, ""l2_leaf_reg"": 40.938136085987814, ""learning_rate"": 0.013158041368516622, ""rsm"": 0.9793792198447356}",0.625471,0.001507,0.623965
2026-09-25T11:54:07+00:00,tuning,19,catboost,"{""depth"": 2, ""iterations"": 1100, ""l2_leaf_reg"": 14.537555576161921, ""learning_rate"": 0.016327356954687944, ""rsm"": 0.6640914962437608}",0.626838,0.001542,0.625296
2026-09-25T11:54:12+00:00,tuning,19,catboost,"{""depth"": 2, ""iterations"": 400, ""l2_leaf_reg"": 35.06776499297218, ""learning_rate"": 0.022187777750487168, ""rsm"": 0.5552679889600102}",0.620246,0.001705,0.618541
2026-09-25T11:54:26+00:00,tuning,19,catboost,"{""depth"": 4, ""iterations"": 900, ""l2_leaf_reg"": 8.48876216140871, ""learning_rate"": 0.016514928287652886, ""rsm"": 0.5109126733153162}",0.627289,0.001286,0.626004
2026-09-25T11:54:39+00:00,tuning,19,catboost,"{""depth"": 4, ""iterations"": 800, ""l2_leaf_reg"": 6.370432544336969, ""learning_rate"": 0.03625053902872046, ""rsm"": 0.8176706820149927}",0.622975,0.001125,0.62185
2026-09-25T11:54:55+00:00,tuning,19,catboost,"{""depth"": 4, ""iterations"": 1100, ""l2_leaf_reg"": 13.926253617410293, ""learning_rate"": 0.010167462424125872, ""rsm"": 0.4786487627878134}",0.626824,0.000936,0.625888
2026-09-25T11:55:15+00:00,tuning,19,catboost,"{""depth"": 5, ""iterations"": 1100, ""l2_leaf_reg"": 18.718835124230058, ""learning_rate"": 0.013232149633432687, ""rsm"": 0.6357552492854123}",0.626584,0.000879,0.625705
2026-09-25T11:55:33+00:00,tuning,19,catboost,"{""depth"": 5, ""iterations"": 1100, ""l2_leaf_reg"": 16.61524390633894, ""learning_rate"": 0.024360829203086833, ""rsm"": 0.4186408364252571}",0.625252,0.000576,0.624676
2026-09-25T11:55:47+00:00,tuning,19,catboost,"{""depth"": 4, ""iterations"": 1000, ""l2_leaf_reg"": 25.188030644394516, ""learning_rate"": 0.020236919425916537, ""rsm"": 0.6330846809642856}",0.62674,0.00048,0.62626
2026-09-25T11:56:18+00:00,direction_type|base,19,catboost,"{""depth"": 4, ""iterations"": 1000, ""l2_leaf_reg"": 25.188030644394516, ""learning_rate"": 0.020236919425916537, ""rsm"": 0.6330846809642856}",0.628543,0.001885,0.626658
2026-09-25T11:56:18+00:00,tuning,19,logreg,"{""C"": 0.03148911647956861}",0.623367,0.001505,0.621862
2026-09-25T11:56:19+00:00,tuning,19,logreg,"{""C"": 6.3512210106407005}",0.624762,0.001577,0.623185
2026-09-25T11:56:19+00:00,tuning,19,logreg,"{""C"": 0.847180141881998}",0.624742,0.001598,0.623144
2026-09-25T11:56:20+00:00,tuning,19,logreg,"{""C"": 0.24810409748678114}",0.624602,0.001561,0.623041
2026-09-25T11:56:20+00:00,tuning,19,logreg,"{""C"": 0.004207988669606638}",0.615539,0.001221,0.614318
2026-09-25T11:56:21+00:00,tuning,19,logreg,"{""C"": 0.004207053950287938}",0.615538,0.001221,0.614317
2026-09-25T11:56:21+00:00,tuning,19,logreg,"{""C"": 0.0017073967431528124}",0.606999,0.001002,0.605997
2026-09-25T11:56:22+00:00,tuning,19,logreg,"{""C"": 2.915443189153755}",0.624766,0.0016,0.623166
2026-09-25T11:56:22+00:00,tuning,19,logreg,"{""C"": 0.25378155082656645}",0.624631,0.001589,0.623041
2026-09-25T11:56:23+00:00,tuning,19,logreg,"{""C"": 0.6796578090758157}",0.624712,0.001615,0.623097
2026-09-25T11:56:23+00:00,tuning,19,logreg,"{""C"": 7.608829421251841}",0.624773,0.001629,0.623144
2026-09-25T11:56:24+00:00,tuning,19,logreg,"{""C"": 6.843944179486576}",0.62475,0.001597,0.623153
2026-09-25T11:56:24+00:00,tuning,19,logreg,"{""C"": 1.8405472693545701}",0.624763,0.001609,0.623154
2026-09-25T11:56:25+00:00,tuning,19,logreg,"{""C"": 3.033713464539809}",0.624769,0.001566,0.623204
2026-09-25T11:56:25+00:00,tuning,19,logreg,"{""C"": 9.125783497247962}",0.624783,0.001581,0.623201
2026-09-25T11:56:26+00:00,direction_type|base,19,logreg,"{""C"": 3.033713464539809}",0.625146,0.001171,0.623975
